INSERT INTO school_years (school_year_id, year_start, year_end) VALUES
(1, 2019, 2020),
(2, 2020, 2021);

INSERT INTO periods (period_id, school_year_id, grading_period, semester) VALUES
(1, 1, 'Prelim', 'First'),
(2, 1, 'Midterm', 'First'),
(3, 1, 'Finals', 'First'),
(4, 1, 'Prelim', 'Second'),
(5, 1, 'Midterm', 'Second'),
(6, 1, 'Finals', 'Second'),
(7, 2, 'Prelim', 'First'),
(8, 2, 'Midterm', 'First'),
(9, 2, 'Finals', 'First'),
(10, 2, 'Prelim', 'Second');

INSERT INTO registrar_staffs (registrar_id, username, first_name, last_name, date_of_birth, date_added) VALUES
(1, 'reg_staff1', 'Alice', 'Johnson', '1985-01-15', '2024-01-01'),
(2, 'reg_staff2', 'Bob', 'Smith', '1990-02-20', '2024-01-02'),
(3, 'reg_staff3', 'Charlie', 'Brown', '1988-03-25', '2024-01-03'),
(4, 'reg_staff4', 'Diana', 'White', '1992-04-30', '2024-01-04'),
(5, 'reg_staff5', 'Ethan', 'Green', '1980-05-05', '2024-01-05');


INSERT INTO departments (department_id, department_name, dean_id, added_by, date_added, school_year_id) VALUES
(1, 'Computer Science', 1, 1, '2024-01-01', 1),
(2, 'Business Administration', 2, 2, '2024-01-02', 1),
(3, 'Engineering', 3, 3, '2024-01-03', 1),
(4, 'Arts and Humanities', 4, 4, '2024-01-04', 1),
(5, 'Health Sciences', 5, 5, '2024-01-05', 1);


INSERT INTO programs (program_id, registrar_id, department_id, school_year_id, program_name, date_added) VALUES
(1, 1, 1, 1, 'Bachelor of Science in Computer Science', '2024-01-15 10:00:00'),
(2, 2, 1, 1, 'Bachelor of Science in Information Technology', '2024-01-16 11:00:00'),
(3, 3, 2, 1, 'Bachelor of Business Administration', '2024-01-17 12:00:00'),
(4, 4, 2, 1, 'Bachelor of Marketing', '2024-01-18 13:00:00'),
(5, 5, 3, 2, 'Bachelor of Mechanical Engineering', '2024-01-19 14:00:00'),
(6, 1, 3, 2, 'Bachelor of Civil Engineering', '2024-01-20 15:00:00'),
(7, 2, 4, 2, 'Bachelor of Fine Arts', '2024-01-21 16:00:00'),
(8, 3, 4, 2, 'Bachelor of Music', '2024-01-22 17:00:00'),
(9, 4, 5, 2, 'Bachelor of Nursing', '2024-01-23 18:00:00'),
(10, 5, 5, 2, 'Bachelor of Public Health', '2024-01-24 19:00:00');


INSERT INTO available_subjects (available_subject_id, program_id, school_year_id, period_id, registrar_id, is_minor_subject, available_subject_name, year_level, date_added) VALUES
(1, 1, 1, 1, 1, FALSE, 'Data Structures', 1, '2024-01-01'),
(2, 1, 1, 1, 1, FALSE, 'Algorithms', 1, '2024-01-02'),
(3, 2, 1, 1, 2, FALSE, 'Web Development', 1, '2024-01-03'),
(4, 3, 1, 1, 3, FALSE, 'Marketing Principles', 1, '2024-01-04'),
(5, 4, 1, 1, 4, FALSE, 'Consumer Behavior', 1, '2024-01-05'),
(6, 5, 2, 2, 5, FALSE, 'Thermodynamics', 2, '2024-01-06'),
(7, 5, 2, 2, 1, FALSE, 'Fluid Mechanics', 2, '2024-01-07'),
(8, 6, 2, 2, 2, FALSE, 'Structural Analysis', 2, '2024-01-08'),
(9, 7, 2, 2, 3, FALSE, 'Art History', 2, '2024-01-09'),
(10, 8, 2, 2, 4, FALSE, 'Music Theory', 2, '2024-01-10'),
(11, 9, 2, 2, 5, FALSE, 'Nursing Fundamentals', 2, '2024-01-11'),
(12, 10, 2, 2, 1, FALSE, 'Public Health Policy', 2, '2024-01-12'),
(13, 1, 1, 1, 1, TRUE, 'Discrete Mathematics', 1, '2024-01-13'),
(14, 2, 1, 1, 2, TRUE, 'Database Management', 1, '2024-01-14'),
(15, 3, 1, 1, 3, TRUE, 'Business Ethics', 1, '2024-01-15'),
(16, 4, 1, 1, 4, TRUE, 'Digital Marketing', 1, '2024-01-16'),
(17, 5, 2, 2, 5, TRUE, 'Engineering Ethics', 2, '2024-01-17'),
(18, 6, 2, 2, 1, TRUE, 'Environmental Engineering', 2, '2024-01-18'),
(19, 7, 2, 2, 2, TRUE, 'Art Criticism', 2, '2024-01-19'),
(20, 8, 2, 2, 3, TRUE, 'Music Composition', 2, '2024-01-20');


INSERT INTO students (student_id, username, first_name, last_name, year_level, date_of_birth, date_added) VALUES
(1, 'john_doe', 'John', 'Doe', 1, '2002-05-15', '2024-01-01'),
(2, 'jane_smith', 'Jane', 'Smith', 2, '2001-06-20', '2024-01-02'),
(3, 'alice_jones', 'Alice', 'Jones', 3, '2000-07-25', '2024-01-03'),
(4, 'bob_brown', 'Bob', 'Brown', 4, '1999-08-30', '2024-01-04'),
(5, 'charlie_white', 'Charlie', 'White', 1, '2002-09-10', '2024-01-05');

INSERT INTO faculty (faculty_id, username, first_name, last_name, dean_id, date_of_birth, date_added) VALUES
(1, 'jdoe', 'John', 'Doe', 1, '1980-01-15', '2024-09-01'),
(2, 'asmith', 'Alice', 'Smith', 2, '1985-03-22', '2024-09-01'),
(3, 'bwhite', 'Bob', 'White', 1, '1990-07-30', '2024-09-01'),
(4, 'cjohnson', 'Charlie', 'Johnson', 3, '1982-11-05', '2024-09-01'),
(5, 'dlee', 'David', 'Lee', 2, '1978-05-12', '2024-09-01'),
(6, 'emartinez', 'Eva', 'Martinez', 4, '1995-09-18', '2024-09-01'),
(7, 'fgarcia', 'Frank', 'Garcia', 3, '1988-12-25', '2024-09-01'),
(8, 'gthompson', 'Grace', 'Thompson', 1, '1992-02-14', '2024-09-01'),
(9, 'hroberts', 'Henry', 'Roberts', 2, '1983-06-30', '2024-09-01'),
(10, 'ijones', 'Isabella', 'Jones', 4, '1991-04-20', '2024-09-01');


INSERT INTO deans (dean_id, username, first_name, last_name, date_of_birth, registrar_id, dept_id, date_added) VALUES
(1, 'dean1', 'Dean', 'One', '1975-01-01', 1, 1, '2024-09-01'),
(2, 'dean2', 'Dean', 'Two', '1980-02-02', 2, 2, '2024-09-01'),
(3, 'dean3', 'Dean', 'Three', '1985-03-03', 3, 3, '2024-09-01'),
(4, 'dean4', 'Dean', 'Four', '1990-04-04', 4, 4, '2024-09-01'),
(5, 'dean5', 'Dean', 'Five', '1995-05-05', 5, 5, '2024-09-01');

INSERT INTO grades (grade_id, available_subject_id, faculty_id, student_id, school_year_id, period_id, grade) VALUES
(1, 1, 1, 1, 1, 1, 85.00),
(2, 2, 2, 1, 1, 1, 90.50),
(3, 3, 3, 2, 1, 1, 78.00),
(4, 4, 4, 2, 1, 1, 88.75),
(5, 5, 5, 3, 1, 1, 92.00),
(6, 1, 1, 3, 1, 1, 76.50),
(7, 2, 2, 4, 1, 1, 84.00),
(8, 3, 3, 4, 1, 1, 89.25),
(9, 4, 4, 5, 1, 1, 91.00),
(10, 5, 5, 5, 1, 1, 87.50),
(11, 1, 1, 1, 1, 1, 82.00),
(12, 2, 2, 2, 1, 1, 88.00),
(13, 3, 3, 3, 1, 1, 79.50),
(14, 4, 4, 4, 1, 1, 90.00),
(15, 5, 5, 5, 1, 1, 85.75),
(16, 1, 1, 1, 1, 1, 80.00),
(17, 2, 2, 2, 1, 1, 91.50),
(18, 3, 3, 3, 1, 1, 77.00),
(19, 4, 4, 4, 1, 1, 86.25),
(20, 5, 5, 5, 1, 1, 93.00),
(21, 1, 1, 1, 1, 1, 84.50),
(22, 2, 2, 2, 1, 1, 89.00),
(23, 3, 3, 3, 1, 1, 78.75),
(24, 4, 4, 4, 1, 1, 88.00),
(25, 5, 5, 5, 1, 1, 90.50),
(26, 1, 1, 1, 1, 1, 81.00),
(27, 2, 2, 2, 1, 1, 87.00),
(28, 3, 3, 3, 1, 1, 79.25),
(29, 4, 4, 4, 1, 1, 92.00),
(30, 5, 5, 5, 1, 1, 86.50),
(31, 1, 1, 1, 1, 1, 83.00),
(32, 2, 2, 2, 1, 1, 90.00),
(33, 3, 3, 3, 1, 1, 76.50),
(34, 4, 4, 4, 1, 1, 89.75),
(35, 5, 5, 5, 1, 1, 91.00),
(36, 1, 1, 1, 1, 1, 82.50),
(37, 2, 2, 2, 1, 1, 88.25),
(38, 3, 3, 3, 1, 1, 80.00),
(39, 4, 4, 4, 1, 1, 87.75),
(40, 5, 5, 5, 1, 1, 92.50),
(41, 1, 1, 1, 1, 1, 84.00),
(42, 2, 2, 2, 1, 1, 89.50),
(43, 3, 3, 3, 1, 1, 78.25),
(44, 4, 4, 4, 1, 1, 90.75),
(45, 5, 5, 5, 1, 1, 85.00),
(46, 1, 1, 1, 1, 1, 81.50),
(47, 2, 2, 2, 1, 1, 88.75),
(48, 3, 3, 3, 1, 1, 79.00),
(49, 4, 4, 4, 1, 1, 91.25),
(50, 5, 5, 5, 1, 1, 86.00);


INSERT INTO rooms (room_id, room_number, registrar_id, date_added) VALUES
(1, '101', 1, '2024-09-01'),
(2, '102', 1, '2024-09-01'),
(3, '103', 2, '2024-09-01'),
(4, '104', 2, '2024-09-01'),
(5, '105', 3, '2024-09-01'),
(6, '201', 3, '2024-09-01'),
(7, '202', 4, '2024-09-01'),
(8, '203', 4, '2024-09-01'),
(9, '204', 5, '2024-09-01'),
(10, '205', 5, '2024-09-01'),
(11, '301', 1, '2024-09-01'),
(12, '302', 2, '2024-09-01'),
(13, '303', 3, '2024-09-01'),
(14, '304', 4, '2024-09-01'),
(15, '305', 5, '2024-09-01');

INSERT INTO class (class_id, available_subject_id, room_id, program_id, faculty_id, registrar_id, section_number, day, time_start, time_end, date_added) VALUES
(1, 1, 101, 1, 1, 1, 'A', 'Monday', '08:00:00', '09:30:00', '2024-09-01'),
(2, 2, 102, 1, 2, 1, 'B', 'Monday', '09:45:00', '11:15:00', '2024-09-01'),
(3, 3, 103, 1, 3, 1, 'C', 'Tuesday', '10:00:00', '11:30:00', '2024-09-01'),
(4, 4, 104, 1, 4, 1, 'D', 'Tuesday', '11:45:00', '13:15:00', '2024-09-01'),
(5, 5, 105, 1, 5, 1, 'E', 'Wednesday', '08:00:00', '09:30:00', '2024-09-01'),
(6, 1, 106, 1, 1, 1, 'F', 'Wednesday', '09:45:00', '11:15:00', '2024-09-01'),
(7, 2, 107, 1, 2, 1, 'G', 'Thursday', '10:00:00', '11:30:00', '2024-09-01'),
(8, 3, 108, 1, 3, 1, 'H', 'Thursday', '11:45:00', '13:15:00', '2024-09-01'),
(9, 4, 109, 1, 4, 1, 'I', 'Friday', '08:00:00', '09:30:00', '2024-09-01'),
(10, 5, 110, 1, 5, 1, 'J', 'Friday', '09:45:00', '11:15:00', '2024-09-01'),
(11, 1, 101, 1, 1, 1, 'K', 'Monday', '10:00:00', '11:30:00', '2024-09-01'),
(12, 2, 102, 1, 2, 1, 'L', 'Monday', '11:45:00', '13:15:00', '2024-09-01'),
(13, 3, 103, 1, 3, 1, 'M', 'Tuesday', '08:00:00', '09:30:00', '2024-09-01'),
(14, 4, 104, 1, 4, 1, 'N', 'Tuesday', '09:45:00', '11:15:00', '2024-09-01'),
(15, 5, 105, 1, 5, 1, 'O', 'Wednesday', '10:00:00', '11:30:00', '2024-09-01'),
(16, 1, 106, 1, 1, 1, 'P', 'Wednesday', '11:45:00', '13:15:00', '2024-09-01'),
(17, 2, 107, 1, 2, 1, 'Q', 'Thursday', '08:00:00', '09:30:00', '2024-09-01'),
(18, 3, 108, 1, 3, 1, 'R', 'Thursday', '09:45:00', '11:15:00', '2024-09-01'),
(19, 4, 109, 1, 4, 1, 'S', 'Friday', '10:00:00', '11:30:00', '2024-09-01'),
(20, 5, 110, 1, 5, 1, 'T', 'Friday', '11:45:00', '13:15:00', '2024-09-01'),
(21, 1, 101, 1, 1, 1, 'U', 'Monday', '08:00:00', '09:30:00', '2024-09-01'),
(22, 2, 102, 1, 2, 1, 'V', 'Monday', '09:45:00', '11:15:00', '2024-09-01'),
(23, 3, 103, 1, 3, 1, 'W', 'Tuesday', '10:00:00', '11:30:00', '2024-09-01'),
(24, 4, 104, 1, 4, 1, 'X', 'Tuesday', '11:45:00', '13:15:00', '2024-09-01'),
(25, 5, 105, 1, 5, 1, 'Y', 'Wednesday', '08:00:00', '09:30:00', '2024-09-01'),
(26, 1, 106, 1, 1, 1, 'Z', 'Wednesday', '09:45:00', '11:15:00', '2024-09-01'),
(27, 2, 107, 1, 2, 1, 'AA', 'Thursday', '10:00:00', '11:30:00', '2024-09-01'),
(28, 3, 108, 1, 3, 1, 'AB', 'Thursday', '11:45:00', '13:15:00', '2024-09-01'),
(29, 4, 109, 1, 4, 1, 'AC', 'Friday', '08:00:00', '09:30:00', '2024-09-01'),
(30, 5, 110, 1, 5, 1, 'AD', 'Friday', '09:45:00', '11:15:00', '2024-09-01');

INSERT INTO enrolled_subjects (enrolled_subject_id, student_id, class_id, period_id, registrar_id, is_paid, date_added) VALUES
(1, 1, 1, 1, 1, TRUE, '2024-09-01'),
(2, 1, 2, 1, 1, TRUE, '2024-09-01'),
(3, 2, 3, 1, 1, FALSE, '2024-09-01'),
(4, 2, 4, 1, 1, TRUE, '2024-09-01'),
(5, 3, 5, 1, 1, TRUE, '2024-09-01'),
(6, 3, 1, 1, 1, FALSE, '2024-09-01'),
(7, 4, 2, 1, 1, TRUE, '2024-09-01'),
(8, 4, 3, 1, 1, TRUE, '2024-09-01'),
(9, 5, 4, 1, 1, FALSE, '2024-09-01'),
(10, 5, 5, 1, 1, TRUE, '2024-09-01'),
(11, 1, 3, 1, 1, TRUE, '2024-09-01'),
(12, 2, 1, 1, 1, FALSE, '2024-09-01'),
(13, 3, 2, 1, 1, TRUE, '2024-09-01'),
(14, 4, 4, 1, 1, TRUE, '2024-09-01'),
(15, 5, 5, 1, 1, FALSE, '2024-09-01'),
(16, 1, 2, 1, 1, TRUE, '2024-09-01'),
(17, 2, 3, 1, 1, TRUE, '2024-09-01'),
(18, 3, 4, 1, 1, FALSE, '2024-09-01'),
(19, 4, 5, 1, 1, TRUE, '2024-09-01'),
(20, 5, 1, 1, 1, TRUE, '2024-09-01'),
(21, 1, 4, 1, 1, FALSE, '2024-09-01'),
(22, 2, 5, 1, 1, TRUE, '2024-09-01'),
(23, 3, 1, 1, 1, TRUE, '2024-09-01'),
(24, 4, 2, 1, 1, FALSE, '2024-09-01'),
(25, 5, 3, 1, 1, TRUE, '2024-09-01'),
(26, 1, 5, 1, 1, TRUE, '2024-09-01'),
(27, 2, 1, 1, 1, FALSE, '2024-09-01'),
(28, 3, 2, 1, 1, TRUE, '2024-09-01'),
(29, 4, 3, 1, 1, TRUE, '2024-09-01'),
(30, 5, 4, 1, 1, FALSE, '2024-09-01'),
(31, 1, 2, 1, 1, TRUE, '2024-09-01'),
(32, 2, 3, 1, 1, TRUE, '2024-09-01'),
(33, 3, 4, 1, 1, FALSE, '2024-09-01'),
(34, 4, 5, 1, 1, TRUE, '2024-09-01'),
(35, 5, 1, 1, 1, TRUE, '2024-09-01'),
(36, 1, 3, 1, 1, TRUE, '2024-09-01'),
(37, 2, 4, 1, 1, FALSE, '2024-09-01'),
(38, 3, 5, 1, 1, TRUE, '2024-09-01'),
(39, 4, 1, 1, 1, TRUE, '2024-09-01'),
(40, 5, 2, 1, 1, FALSE, '2024-09-01'),
(41, 1, 4, 1, 1, TRUE, '2024-09-01'),
(42, 2, 5, 1, 1, TRUE, '2024-09-01'),
(43, 3, 1, 1, 1, FALSE, '2024-09-01'),
(44, 4, 2, 1, 1, TRUE, '2024-09-01'),
(45, 5, 3, 1, 1, TRUE, '2024-09-01'),
(46, 1, 5, 1, 1, TRUE, '2024-09-01'),
(47, 2, 1, 1, 1, FALSE, '2024-09-01'),
(48, 3, 2, 1, 1, TRUE, '2024-09-01'),
(49, 4, 3, 1, 1, TRUE, '2024-09-01'),
(50, 5, 4, 1, 1, FALSE, '2024-09-01');


