create table users (
	id INT AUTO_INCREMENT PRIMARY KEY,
	full_name VARCHAR(50),
	email VARCHAR(50),
	date_added DATE
);
insert into users (id, full_name, email, date_added) values (1, 'Bree Froom', 'bfroom0@digg.com', '2025-05-09 16:27:56');
insert into users (id, full_name, email, date_added) values (2, 'Lin Cade', 'lcade1@cdc.gov', '2024-10-03 12:08:18');
insert into users (id, full_name, email, date_added) values (3, 'Skell Steanyng', 'ssteanyng2@angelfire.com', '2024-09-09 05:53:02');
insert into users (id, full_name, email, date_added) values (4, 'Ernestus Mackie', 'emackie3@t.co', '2025-04-20 11:54:47');
insert into users (id, full_name, email, date_added) values (5, 'Rudolfo Cattell', 'rcattell4@1688.com', '2024-12-22 00:09:12');
insert into users (id, full_name, email, date_added) values (6, 'Leopold Limprecht', 'llimprecht5@blinklist.com', '2024-10-21 06:39:29');
insert into users (id, full_name, email, date_added) values (7, 'Kain Seal', 'kseal6@tinypic.com', '2024-10-14 16:25:46');
insert into users (id, full_name, email, date_added) values (8, 'Desirae Lindeman', 'dlindeman7@nydailynews.com', '2025-06-14 18:36:54');
insert into users (id, full_name, email, date_added) values (9, 'Laney Creed', 'lcreed8@si.edu', '2025-02-20 21:05:43');
insert into users (id, full_name, email, date_added) values (10, 'Cory Ivanikhin', 'civanikhin9@phoca.cz', '2024-10-20 06:39:33');
insert into users (id, full_name, email, date_added) values (11, 'Annora Lidgertwood', 'alidgertwooda@livejournal.com', '2025-01-13 02:56:30');
insert into users (id, full_name, email, date_added) values (12, 'Bowie Mousdall', 'bmousdallb@posterous.com', '2025-06-08 04:46:38');
insert into users (id, full_name, email, date_added) values (13, 'Averil Southcott', 'asouthcottc@cisco.com', '2025-03-17 21:13:29');
insert into users (id, full_name, email, date_added) values (14, 'Dede Imlaw', 'dimlawd@craigslist.org', '2025-07-01 05:55:06');
insert into users (id, full_name, email, date_added) values (15, 'Darby Dennett', 'ddennette@freewebs.com', '2025-03-15 03:13:00');
insert into users (id, full_name, email, date_added) values (16, 'Veronica Cossor', 'vcossorf@xinhuanet.com', '2025-03-16 20:43:04');
insert into users (id, full_name, email, date_added) values (17, 'Reese Britnell', 'rbritnellg@drupal.org', '2025-07-03 04:08:48');
insert into users (id, full_name, email, date_added) values (18, 'Elberta Garmanson', 'egarmansonh@soundcloud.com', '2024-10-29 18:24:03');
insert into users (id, full_name, email, date_added) values (19, 'Belicia Seawright', 'bseawrighti@mozilla.org', '2025-04-20 05:58:55');
insert into users (id, full_name, email, date_added) values (20, 'Gonzales Woodhead', 'gwoodheadj@smh.com.au', '2024-11-07 19:22:41');

create table posts (
	id INT AUTO_INCREMENT PRIMARY KEY,
	description TEXT,
	user_id INT,
	date_added DATE,
	last_updated DATE
);
insert into posts (id, description, user_id, date_added, last_updated) values (1, 'pellentesque eget nunc donec quis orci eget orci vehicula condimentum curabitur in libero ut massa volutpat convallis', 8, '2025-04-02 06:42:04', '2025-07-17 20:35:23');
insert into posts (id, description, user_id, date_added, last_updated) values (2, 'aenean lectus pellentesque eget nunc donec quis orci eget orci vehicula condimentum curabitur in libero ut massa volutpat convallis', 3, '2024-09-17 21:27:50', '2024-11-08 19:12:15');
insert into posts (id, description, user_id, date_added, last_updated) values (3, 'fusce lacus purus aliquet at feugiat non pretium quis lectus suspendisse potenti in eleifend quam a', 9, '2025-02-22 08:50:26', '2025-06-11 22:55:02');
insert into posts (id, description, user_id, date_added, last_updated) values (4, 'vitae mattis nibh ligula nec sem duis aliquam convallis nunc proin at turpis a pede posuere', 8, '2024-12-03 04:04:32', '2025-07-11 21:03:31');
insert into posts (id, description, user_id, date_added, last_updated) values (5, 'accumsan felis ut at dolor quis odio consequat varius integer ac leo pellentesque ultrices mattis odio donec vitae', 2, '2024-11-23 23:23:26', '2024-08-06 14:01:50');
insert into posts (id, description, user_id, date_added, last_updated) values (6, 'tincidunt lacus at velit vivamus vel nulla eget eros elementum pellentesque quisque porta', 9, '2025-07-09 01:43:44', '2024-11-25 14:50:13');
insert into posts (id, description, user_id, date_added, last_updated) values (7, 'aliquet at feugiat non pretium quis lectus suspendisse potenti in eleifend quam a odio in hac habitasse platea dictumst', 3, '2025-03-17 21:27:10', '2024-10-20 02:43:03');
insert into posts (id, description, user_id, date_added, last_updated) values (8, 'aenean auctor gravida sem praesent id massa id nisl venenatis', 4, '2025-05-17 02:14:56', '2024-08-10 21:28:53');
insert into posts (id, description, user_id, date_added, last_updated) values (9, 'tortor id nulla ultrices aliquet maecenas leo odio condimentum id luctus nec molestie sed', 4, '2025-06-12 16:39:56', '2024-10-08 04:43:19');
insert into posts (id, description, user_id, date_added, last_updated) values (10, 'vestibulum rutrum rutrum neque aenean auctor gravida sem praesent id massa id nisl venenatis', 3, '2024-08-08 03:05:21', '2024-08-14 14:28:54');
insert into posts (id, description, user_id, date_added, last_updated) values (11, 'sit amet eros suspendisse accumsan tortor quis turpis sed ante vivamus tortor duis mattis egestas metus aenean', 3, '2025-01-11 10:47:33', '2025-05-19 03:55:27');
insert into posts (id, description, user_id, date_added, last_updated) values (12, 'amet eros suspendisse accumsan tortor quis turpis sed ante vivamus tortor duis mattis egestas metus aenean fermentum', 2, '2025-02-01 16:03:19', '2025-07-17 14:43:30');
insert into posts (id, description, user_id, date_added, last_updated) values (13, 'felis fusce posuere felis sed lacus morbi sem mauris laoreet ut rhoncus aliquet pulvinar sed nisl nunc rhoncus dui vel', 4, '2024-08-20 02:01:32', '2024-11-16 21:09:09');
insert into posts (id, description, user_id, date_added, last_updated) values (14, 'risus semper porta volutpat quam pede lobortis ligula sit amet eleifend pede libero quis orci nullam molestie nibh', 5, '2025-04-16 11:58:35', '2025-06-27 12:51:57');
insert into posts (id, description, user_id, date_added, last_updated) values (15, 'ac tellus semper interdum mauris ullamcorper purus sit amet nulla quisque arcu libero rutrum ac lobortis vel', 5, '2024-11-17 19:58:39', '2024-11-26 16:55:11');
insert into posts (id, description, user_id, date_added, last_updated) values (16, 'porttitor id consequat in consequat ut nulla sed accumsan felis ut at dolor quis odio consequat varius integer ac leo', 3, '2024-12-07 10:07:39', '2025-06-24 11:14:22');
insert into posts (id, description, user_id, date_added, last_updated) values (17, 'suspendisse ornare consequat lectus in est risus auctor sed tristique in tempus sit amet sem fusce consequat nulla', 7, '2025-05-13 00:04:06', '2025-06-15 13:42:43');
insert into posts (id, description, user_id, date_added, last_updated) values (18, 'et eros vestibulum ac est lacinia nisi venenatis tristique fusce congue diam id', 3, '2025-02-17 19:16:09', '2024-09-24 02:02:19');
insert into posts (id, description, user_id, date_added, last_updated) values (19, 'porttitor lorem id ligula suspendisse ornare consequat lectus in est risus auctor sed tristique in tempus sit amet sem fusce', 5, '2025-05-21 22:29:03', '2024-12-27 19:18:12');
insert into posts (id, description, user_id, date_added, last_updated) values (20, 'posuere cubilia curae donec pharetra magna vestibulum aliquet ultrices erat tortor sollicitudin', 8, '2025-07-02 04:32:41', '2025-02-12 23:54:06');
insert into posts (id, description, user_id, date_added, last_updated) values (21, 'nisi eu orci mauris lacinia sapien quis libero nullam sit amet turpis elementum ligula vehicula', 5, '2025-01-04 15:44:35', '2024-10-08 06:25:38');
insert into posts (id, description, user_id, date_added, last_updated) values (22, 'ligula in lacus curabitur at ipsum ac tellus semper interdum mauris ullamcorper purus sit amet nulla', 7, '2025-06-24 22:00:17', '2025-06-06 21:21:13');
insert into posts (id, description, user_id, date_added, last_updated) values (23, 'turpis sed ante vivamus tortor duis mattis egestas metus aenean fermentum donec ut mauris eget massa tempor convallis', 9, '2025-07-21 22:54:09', '2024-09-03 05:23:56');
insert into posts (id, description, user_id, date_added, last_updated) values (24, 'eget tincidunt eget tempus vel pede morbi porttitor lorem id ligula suspendisse ornare', 9, '2025-01-15 23:30:49', '2024-12-31 12:38:15');
insert into posts (id, description, user_id, date_added, last_updated) values (25, 'est risus auctor sed tristique in tempus sit amet sem fusce consequat nulla nisl nunc nisl', 6, '2025-04-04 21:01:46', '2025-07-19 21:00:39');
insert into posts (id, description, user_id, date_added, last_updated) values (26, 'dictumst etiam faucibus cursus urna ut tellus nulla ut erat id mauris vulputate elementum nullam varius', 9, '2025-01-16 19:42:08', '2024-08-25 12:17:24');
insert into posts (id, description, user_id, date_added, last_updated) values (27, 'rutrum nulla nunc purus phasellus in felis donec semper sapien a libero nam dui proin leo odio porttitor id', 4, '2025-07-15 02:43:50', '2025-06-09 16:43:56');
insert into posts (id, description, user_id, date_added, last_updated) values (28, 'sollicitudin ut suscipit a feugiat et eros vestibulum ac est lacinia', 6, '2024-12-29 22:58:58', '2024-11-10 13:01:31');
insert into posts (id, description, user_id, date_added, last_updated) values (29, 'cum sociis natoque penatibus et magnis dis parturient montes nascetur', 5, '2024-10-30 23:45:18', '2024-09-24 12:43:48');
insert into posts (id, description, user_id, date_added, last_updated) values (30, 'varius nulla facilisi cras non velit nec nisi vulputate nonummy maecenas tincidunt lacus at velit vivamus vel nulla', 3, '2025-01-22 16:45:03', '2025-01-30 12:39:19');
insert into posts (id, description, user_id, date_added, last_updated) values (31, 'fringilla rhoncus mauris enim leo rhoncus sed vestibulum sit amet', 10, '2024-08-06 21:37:05', '2025-05-31 04:18:56');
insert into posts (id, description, user_id, date_added, last_updated) values (32, 'venenatis non sodales sed tincidunt eu felis fusce posuere felis sed lacus morbi sem mauris laoreet', 9, '2024-10-24 05:37:41', '2024-11-09 02:03:41');
insert into posts (id, description, user_id, date_added, last_updated) values (33, 'nec sem duis aliquam convallis nunc proin at turpis a pede posuere nonummy integer non velit donec diam', 9, '2024-09-19 18:51:36', '2025-05-16 19:32:49');
insert into posts (id, description, user_id, date_added, last_updated) values (34, 'felis eu sapien cursus vestibulum proin eu mi nulla ac enim in tempor turpis nec euismod scelerisque quam turpis', 4, '2025-04-11 14:37:35', '2025-05-24 00:30:01');
insert into posts (id, description, user_id, date_added, last_updated) values (35, 'tellus nulla ut erat id mauris vulputate elementum nullam varius', 2, '2024-10-13 07:43:31', '2025-06-05 06:19:01');
insert into posts (id, description, user_id, date_added, last_updated) values (36, 'pede justo eu massa donec dapibus duis at velit eu est congue elementum', 10, '2024-11-21 18:00:37', '2025-02-24 08:10:06');
insert into posts (id, description, user_id, date_added, last_updated) values (37, 'quis turpis eget elit sodales scelerisque mauris sit amet eros suspendisse accumsan tortor', 6, '2025-05-20 18:27:58', '2024-12-11 11:51:35');
insert into posts (id, description, user_id, date_added, last_updated) values (38, 'nulla tellus in sagittis dui vel nisl duis ac nibh fusce lacus purus aliquet', 3, '2025-07-01 07:12:42', '2024-10-16 02:52:02');
insert into posts (id, description, user_id, date_added, last_updated) values (39, 'felis ut at dolor quis odio consequat varius integer ac leo pellentesque ultrices', 8, '2025-01-05 09:37:11', '2025-02-04 00:57:15');
insert into posts (id, description, user_id, date_added, last_updated) values (40, 'sed tincidunt eu felis fusce posuere felis sed lacus morbi sem mauris laoreet ut rhoncus', 7, '2025-03-12 11:05:27', '2025-06-22 12:20:04');
insert into posts (id, description, user_id, date_added, last_updated) values (41, 'libero quis orci nullam molestie nibh in lectus pellentesque at nulla suspendisse', 10, '2025-01-07 22:25:10', '2024-09-21 19:16:51');
insert into posts (id, description, user_id, date_added, last_updated) values (42, 'magnis dis parturient montes nascetur ridiculus mus etiam vel augue vestibulum rutrum rutrum neque aenean auctor gravida sem praesent id', 10, '2025-06-07 03:13:16', '2025-06-02 22:18:26');
insert into posts (id, description, user_id, date_added, last_updated) values (43, 'in faucibus orci luctus et ultrices posuere cubilia curae mauris viverra diam', 2, '2025-04-16 20:05:03', '2024-08-04 16:24:18');
insert into posts (id, description, user_id, date_added, last_updated) values (44, 'urna pretium nisl ut volutpat sapien arcu sed augue aliquam', 6, '2025-06-29 01:11:11', '2024-11-26 18:15:59');
insert into posts (id, description, user_id, date_added, last_updated) values (45, 'amet eleifend pede libero quis orci nullam molestie nibh in lectus', 5, '2024-08-26 15:03:25', '2024-12-30 14:56:12');
insert into posts (id, description, user_id, date_added, last_updated) values (46, 'eget elit sodales scelerisque mauris sit amet eros suspendisse accumsan tortor quis turpis sed ante vivamus tortor duis', 3, '2024-08-10 13:25:48', '2024-09-27 12:21:46');
insert into posts (id, description, user_id, date_added, last_updated) values (47, 'justo aliquam quis turpis eget elit sodales scelerisque mauris sit amet eros suspendisse accumsan tortor quis turpis', 6, '2025-02-03 19:20:03', '2024-12-29 19:10:17');
insert into posts (id, description, user_id, date_added, last_updated) values (48, 'platea dictumst aliquam augue quam sollicitudin vitae consectetuer eget rutrum at lorem integer tincidunt ante vel ipsum praesent blandit lacinia', 9, '2024-08-15 08:52:15', '2024-12-30 12:25:40');
insert into posts (id, description, user_id, date_added, last_updated) values (49, 'non interdum in ante vestibulum ante ipsum primis in faucibus orci luctus et ultrices', 3, '2024-09-20 12:33:41', '2024-10-06 03:52:32');
insert into posts (id, description, user_id, date_added, last_updated) values (50, 'justo etiam pretium iaculis justo in hac habitasse platea dictumst etiam faucibus cursus', 6, '2025-04-14 10:01:35', '2025-05-16 10:13:22');

create table comments (
	id INT AUTO_INCREMENT PRIMARY KEY,
	description TEXT,
	post_id INT,
	user_id INT,
	date_added DATE,
	last_updated DATE
);
insert into comments (id, description, post_id, user_id, date_added, last_updated) values (1, 'augue vel accumsan tellus nisi eu orci mauris lacinia sapien quis libero nullam sit amet turpis elementum', 14, 3, '2024-12-15 04:30:57', '2025-06-29 17:22:19');
insert into comments (id, description, post_id, user_id, date_added, last_updated) values (2, 'sit amet nulla quisque arcu libero rutrum ac lobortis vel dapibus at diam nam', 14, 1, '2025-01-16 19:58:55', '2025-05-14 18:56:50');
insert into comments (id, description, post_id, user_id, date_added, last_updated) values (3, 'cras mi pede malesuada in imperdiet et commodo vulputate justo in blandit ultrices enim lorem ipsum dolor sit amet', 6, 3, '2025-03-21 15:31:33', '2024-12-31 19:29:41');
insert into comments (id, description, post_id, user_id, date_added, last_updated) values (4, 'potenti cras in purus eu magna vulputate luctus cum sociis natoque penatibus et magnis dis parturient montes nascetur', 2, 9, '2025-07-01 14:36:00', '2024-12-18 12:22:04');
insert into comments (id, description, post_id, user_id, date_added, last_updated) values (5, 'primis in faucibus orci luctus et ultrices posuere cubilia curae mauris', 7, 6, '2024-11-11 05:53:45', '2024-11-17 00:17:47');
insert into comments (id, description, post_id, user_id, date_added, last_updated) values (6, 'ullamcorper augue a suscipit nulla elit ac nulla sed vel enim sit amet', 13, 3, '2025-07-24 00:00:45', '2024-11-13 07:14:00');
insert into comments (id, description, post_id, user_id, date_added, last_updated) values (7, 'metus arcu adipiscing molestie hendrerit at vulputate vitae nisl aenean lectus pellentesque eget nunc donec', 9, 4, '2024-08-06 15:45:15', '2025-01-10 09:43:09');
insert into comments (id, description, post_id, user_id, date_added, last_updated) values (8, 'lacinia eget tincidunt eget tempus vel pede morbi porttitor lorem', 6, 4, '2024-12-25 23:38:32', '2025-02-15 09:57:50');
insert into comments (id, description, post_id, user_id, date_added, last_updated) values (9, 'nulla nunc purus phasellus in felis donec semper sapien a libero nam dui', 3, 3, '2024-08-24 15:24:31', '2025-03-07 05:05:42');
insert into comments (id, description, post_id, user_id, date_added, last_updated) values (10, 'mus vivamus vestibulum sagittis sapien cum sociis natoque penatibus et magnis dis parturient montes nascetur ridiculus mus etiam', 5, 6, '2025-04-01 13:03:15', '2025-04-14 06:28:26');
insert into comments (id, description, post_id, user_id, date_added, last_updated) values (11, 'tortor id nulla ultrices aliquet maecenas leo odio condimentum id luctus nec', 7, 6, '2025-05-23 13:16:07', '2025-05-21 10:30:11');
insert into comments (id, description, post_id, user_id, date_added, last_updated) values (12, 'lectus pellentesque eget nunc donec quis orci eget orci vehicula condimentum curabitur in libero ut massa', 8, 7, '2024-09-04 21:38:53', '2025-02-10 19:37:19');
insert into comments (id, description, post_id, user_id, date_added, last_updated) values (13, 'id pretium iaculis diam erat fermentum justo nec condimentum neque', 14, 5, '2024-11-04 05:43:34', '2024-09-06 05:57:22');
insert into comments (id, description, post_id, user_id, date_added, last_updated) values (14, 'enim lorem ipsum dolor sit amet consectetuer adipiscing elit proin interdum mauris', 12, 6, '2025-07-18 03:30:44', '2024-09-21 12:08:55');
insert into comments (id, description, post_id, user_id, date_added, last_updated) values (15, 'platea dictumst morbi vestibulum velit id pretium iaculis diam erat fermentum justo nec', 3, 10, '2024-09-11 19:10:21', '2025-04-23 07:14:56');
insert into comments (id, description, post_id, user_id, date_added, last_updated) values (16, 'est risus auctor sed tristique in tempus sit amet sem fusce consequat nulla nisl nunc nisl duis', 2, 7, '2025-07-13 20:22:33', '2025-03-29 18:00:05');
insert into comments (id, description, post_id, user_id, date_added, last_updated) values (17, 'hac habitasse platea dictumst morbi vestibulum velit id pretium iaculis diam erat fermentum justo', 7, 2, '2025-05-04 16:32:47', '2025-04-13 20:38:51');
insert into comments (id, description, post_id, user_id, date_added, last_updated) values (18, 'mattis nibh ligula nec sem duis aliquam convallis nunc proin at', 12, 2, '2024-11-28 05:48:04', '2025-01-11 13:52:47');
insert into comments (id, description, post_id, user_id, date_added, last_updated) values (19, 'vestibulum sagittis sapien cum sociis natoque penatibus et magnis dis parturient montes nascetur', 13, 9, '2024-10-23 21:43:06', '2025-01-09 18:52:09');
insert into comments (id, description, post_id, user_id, date_added, last_updated) values (20, 'ante ipsum primis in faucibus orci luctus et ultrices posuere', 11, 7, '2025-02-27 07:22:54', '2025-05-08 06:23:40');
insert into comments (id, description, post_id, user_id, date_added, last_updated) values (21, 'est risus auctor sed tristique in tempus sit amet sem fusce consequat nulla nisl nunc nisl duis', 7, 5, '2025-05-08 01:55:16', '2025-03-16 07:59:24');
insert into comments (id, description, post_id, user_id, date_added, last_updated) values (22, 'id lobortis convallis tortor risus dapibus augue vel accumsan tellus nisi eu orci mauris lacinia sapien quis libero nullam sit', 6, 2, '2025-03-30 16:23:01', '2024-09-09 23:31:14');
insert into comments (id, description, post_id, user_id, date_added, last_updated) values (23, 'est phasellus sit amet erat nulla tempus vivamus in felis eu', 7, 7, '2024-10-06 23:33:21', '2025-01-06 14:26:20');
insert into comments (id, description, post_id, user_id, date_added, last_updated) values (24, 'at nulla suspendisse potenti cras in purus eu magna vulputate luctus cum sociis natoque penatibus', 13, 5, '2025-04-19 18:02:38', '2024-10-14 02:38:15');
insert into comments (id, description, post_id, user_id, date_added, last_updated) values (25, 'semper sapien a libero nam dui proin leo odio porttitor id consequat', 14, 9, '2024-08-26 14:45:43', '2025-07-04 15:38:26');
insert into comments (id, description, post_id, user_id, date_added, last_updated) values (26, 'sed tincidunt eu felis fusce posuere felis sed lacus morbi sem mauris laoreet ut', 13, 3, '2025-01-06 05:06:47', '2024-10-19 23:28:37');
insert into comments (id, description, post_id, user_id, date_added, last_updated) values (27, 'habitasse platea dictumst maecenas ut massa quis augue luctus tincidunt nulla mollis molestie lorem quisque ut erat curabitur gravida nisi', 1, 1, '2025-02-16 19:27:13', '2025-02-14 15:46:32');
insert into comments (id, description, post_id, user_id, date_added, last_updated) values (28, 'augue luctus tincidunt nulla mollis molestie lorem quisque ut erat', 12, 10, '2025-07-20 19:14:04', '2024-08-18 23:21:39');
insert into comments (id, description, post_id, user_id, date_added, last_updated) values (29, 'nulla eget eros elementum pellentesque quisque porta volutpat erat quisque erat eros viverra eget congue eget semper rutrum', 1, 6, '2024-09-25 07:05:21', '2025-03-20 10:30:47');
insert into comments (id, description, post_id, user_id, date_added, last_updated) values (30, 'est risus auctor sed tristique in tempus sit amet sem fusce consequat nulla nisl nunc nisl duis bibendum felis', 3, 10, '2025-06-23 03:46:37', '2024-09-27 06:47:23');
insert into comments (id, description, post_id, user_id, date_added, last_updated) values (31, 'at turpis donec posuere metus vitae ipsum aliquam non mauris morbi non', 2, 6, '2025-05-07 04:28:30', '2025-07-14 08:04:53');
insert into comments (id, description, post_id, user_id, date_added, last_updated) values (32, 'cursus id turpis integer aliquet massa id lobortis convallis tortor risus dapibus augue vel accumsan tellus', 2, 5, '2025-04-13 04:59:34', '2025-05-01 18:44:01');
insert into comments (id, description, post_id, user_id, date_added, last_updated) values (33, 'eros viverra eget congue eget semper rutrum nulla nunc purus phasellus in felis donec semper sapien a libero', 12, 4, '2025-05-02 07:26:13', '2025-04-05 21:42:07');
insert into comments (id, description, post_id, user_id, date_added, last_updated) values (34, 'curae nulla dapibus dolor vel est donec odio justo sollicitudin ut suscipit a feugiat et eros', 15, 9, '2025-03-01 07:13:12', '2025-06-17 07:38:40');
insert into comments (id, description, post_id, user_id, date_added, last_updated) values (35, 'odio curabitur convallis duis consequat dui nec nisi volutpat eleifend donec', 12, 7, '2025-06-23 19:48:13', '2025-02-28 08:32:14');
insert into comments (id, description, post_id, user_id, date_added, last_updated) values (36, 'accumsan tortor quis turpis sed ante vivamus tortor duis mattis', 11, 2, '2025-01-16 11:14:18', '2024-09-02 13:09:37');
insert into comments (id, description, post_id, user_id, date_added, last_updated) values (37, 'accumsan tortor quis turpis sed ante vivamus tortor duis mattis egestas metus', 7, 5, '2024-09-16 09:02:26', '2025-04-01 20:50:06');
insert into comments (id, description, post_id, user_id, date_added, last_updated) values (38, 'maecenas leo odio condimentum id luctus nec molestie sed justo pellentesque viverra pede ac diam cras pellentesque', 14, 2, '2025-07-31 20:14:04', '2025-03-01 21:01:17');
insert into comments (id, description, post_id, user_id, date_added, last_updated) values (39, 'phasellus in felis donec semper sapien a libero nam dui proin leo odio porttitor id', 15, 6, '2024-12-11 17:41:41', '2024-08-12 06:58:06');
insert into comments (id, description, post_id, user_id, date_added, last_updated) values (40, 'cras non velit nec nisi vulputate nonummy maecenas tincidunt lacus at', 10, 5, '2024-08-15 01:11:16', '2025-04-24 19:51:43');
insert into comments (id, description, post_id, user_id, date_added, last_updated) values (41, 'arcu adipiscing molestie hendrerit at vulputate vitae nisl aenean lectus pellentesque eget nunc donec quis', 7, 9, '2025-03-26 06:30:54', '2024-09-17 00:50:54');
insert into comments (id, description, post_id, user_id, date_added, last_updated) values (42, 'porttitor lacus at turpis donec posuere metus vitae ipsum aliquam non mauris morbi non lectus aliquam sit amet diam in', 10, 7, '2024-08-15 23:11:13', '2025-06-12 21:30:15');
insert into comments (id, description, post_id, user_id, date_added, last_updated) values (43, 'tellus in sagittis dui vel nisl duis ac nibh fusce lacus purus aliquet at feugiat non', 12, 8, '2025-04-06 06:24:55', '2024-09-02 04:07:47');
insert into comments (id, description, post_id, user_id, date_added, last_updated) values (44, 'aenean fermentum donec ut mauris eget massa tempor convallis nulla neque libero convallis', 4, 10, '2024-08-24 17:40:37', '2024-11-21 03:13:59');
insert into comments (id, description, post_id, user_id, date_added, last_updated) values (45, 'nunc rhoncus dui vel sem sed sagittis nam congue risus semper porta volutpat quam pede lobortis ligula sit', 7, 3, '2024-10-24 14:45:52', '2025-02-25 20:53:37');
insert into comments (id, description, post_id, user_id, date_added, last_updated) values (46, 'proin interdum mauris non ligula pellentesque ultrices phasellus id sapien in sapien iaculis congue vivamus metus arcu adipiscing molestie', 13, 4, '2025-04-29 12:03:29', '2025-05-24 05:40:29');
insert into comments (id, description, post_id, user_id, date_added, last_updated) values (47, 'cras non velit nec nisi vulputate nonummy maecenas tincidunt lacus at velit', 13, 2, '2024-08-15 06:42:30', '2025-04-26 22:41:27');
insert into comments (id, description, post_id, user_id, date_added, last_updated) values (48, 'cras mi pede malesuada in imperdiet et commodo vulputate justo in blandit ultrices enim lorem ipsum dolor', 13, 7, '2024-08-23 14:42:48', '2025-04-02 16:05:19');
insert into comments (id, description, post_id, user_id, date_added, last_updated) values (49, 'odio in hac habitasse platea dictumst maecenas ut massa quis augue luctus tincidunt nulla mollis molestie lorem quisque', 8, 6, '2024-08-02 15:27:23', '2025-04-30 21:47:17');
insert into comments (id, description, post_id, user_id, date_added, last_updated) values (50, 'neque sapien placerat ante nulla justo aliquam quis turpis eget elit sodales', 15, 7, '2025-05-01 00:13:12', '2024-12-14 22:04:46');
insert into comments (id, description, post_id, user_id, date_added, last_updated) values (51, 'commodo placerat praesent blandit nam nulla integer pede justo lacinia eget tincidunt eget tempus vel pede morbi', 14, 2, '2024-12-09 17:59:02', '2025-07-16 18:29:56');
insert into comments (id, description, post_id, user_id, date_added, last_updated) values (52, 'ipsum dolor sit amet consectetuer adipiscing elit proin interdum mauris non ligula pellentesque ultrices phasellus', 13, 5, '2025-01-26 05:28:25', '2025-01-05 06:18:28');
insert into comments (id, description, post_id, user_id, date_added, last_updated) values (53, 'sit amet sem fusce consequat nulla nisl nunc nisl duis bibendum felis sed interdum venenatis turpis enim blandit', 2, 5, '2025-06-05 01:04:03', '2024-09-25 22:53:35');
insert into comments (id, description, post_id, user_id, date_added, last_updated) values (54, 'amet lobortis sapien sapien non mi integer ac neque duis bibendum morbi', 3, 5, '2024-11-07 19:07:50', '2024-11-04 10:10:04');
insert into comments (id, description, post_id, user_id, date_added, last_updated) values (55, 'mauris laoreet ut rhoncus aliquet pulvinar sed nisl nunc rhoncus dui vel sem sed sagittis nam', 7, 8, '2025-03-20 19:35:50', '2024-09-07 05:03:36');
insert into comments (id, description, post_id, user_id, date_added, last_updated) values (56, 'vestibulum quam sapien varius ut blandit non interdum in ante vestibulum ante ipsum primis in faucibus orci luctus et', 1, 2, '2024-12-06 11:33:35', '2024-12-08 06:34:46');
insert into comments (id, description, post_id, user_id, date_added, last_updated) values (57, 'mauris eget massa tempor convallis nulla neque libero convallis eget eleifend luctus ultricies eu nibh quisque id justo sit amet', 8, 5, '2025-03-03 07:43:16', '2025-06-03 08:40:32');
insert into comments (id, description, post_id, user_id, date_added, last_updated) values (58, 'nunc proin at turpis a pede posuere nonummy integer non velit donec', 1, 2, '2024-10-04 05:01:12', '2025-04-13 14:40:53');
insert into comments (id, description, post_id, user_id, date_added, last_updated) values (59, 'eu magna vulputate luctus cum sociis natoque penatibus et magnis dis parturient montes nascetur ridiculus mus vivamus', 11, 1, '2025-07-18 23:30:59', '2025-05-16 12:54:59');
insert into comments (id, description, post_id, user_id, date_added, last_updated) values (60, 'tortor duis mattis egestas metus aenean fermentum donec ut mauris eget massa tempor convallis nulla neque', 6, 4, '2025-06-24 12:30:30', '2025-02-03 07:02:17');
insert into comments (id, description, post_id, user_id, date_added, last_updated) values (61, 'diam id ornare imperdiet sapien urna pretium nisl ut volutpat sapien arcu sed augue aliquam erat volutpat in congue', 9, 4, '2024-11-15 09:56:50', '2024-08-17 22:51:38');
insert into comments (id, description, post_id, user_id, date_added, last_updated) values (62, 'penatibus et magnis dis parturient montes nascetur ridiculus mus vivamus', 1, 7, '2024-12-01 23:02:07', '2025-01-22 16:11:53');
insert into comments (id, description, post_id, user_id, date_added, last_updated) values (63, 'viverra diam vitae quam suspendisse potenti nullam porttitor lacus at turpis donec posuere', 1, 1, '2025-03-20 02:41:42', '2025-05-01 22:09:18');
insert into comments (id, description, post_id, user_id, date_added, last_updated) values (64, 'ultrices posuere cubilia curae donec pharetra magna vestibulum aliquet ultrices erat tortor sollicitudin mi sit amet lobortis sapien', 6, 8, '2024-08-15 05:54:26', '2024-10-31 03:23:04');
insert into comments (id, description, post_id, user_id, date_added, last_updated) values (65, 'nullam sit amet turpis elementum ligula vehicula consequat morbi a ipsum integer', 4, 5, '2024-08-04 18:02:35', '2025-06-05 18:39:24');
insert into comments (id, description, post_id, user_id, date_added, last_updated) values (66, 'eget congue eget semper rutrum nulla nunc purus phasellus in felis donec semper sapien a libero nam dui proin leo', 10, 9, '2025-05-13 21:59:27', '2024-12-09 07:32:15');
insert into comments (id, description, post_id, user_id, date_added, last_updated) values (67, 'curabitur convallis duis consequat dui nec nisi volutpat eleifend donec ut dolor morbi vel lectus in', 10, 5, '2024-08-15 13:54:16', '2025-06-12 02:51:23');
insert into comments (id, description, post_id, user_id, date_added, last_updated) values (68, 'rhoncus aliquet pulvinar sed nisl nunc rhoncus dui vel sem sed sagittis nam congue risus semper porta volutpat quam pede', 1, 3, '2025-03-15 20:32:13', '2025-03-01 17:25:33');
insert into comments (id, description, post_id, user_id, date_added, last_updated) values (69, 'magnis dis parturient montes nascetur ridiculus mus vivamus vestibulum sagittis sapien cum sociis natoque penatibus et magnis dis', 8, 4, '2025-06-19 04:45:19', '2024-12-24 18:58:11');
insert into comments (id, description, post_id, user_id, date_added, last_updated) values (70, 'id pretium iaculis diam erat fermentum justo nec condimentum neque sapien placerat ante nulla', 13, 6, '2025-02-17 19:37:59', '2025-05-18 11:08:58');
insert into comments (id, description, post_id, user_id, date_added, last_updated) values (71, 'cras non velit nec nisi vulputate nonummy maecenas tincidunt lacus at', 6, 3, '2024-11-06 13:45:47', '2025-01-01 09:45:47');
insert into comments (id, description, post_id, user_id, date_added, last_updated) values (72, 'a pede posuere nonummy integer non velit donec diam neque vestibulum eget vulputate ut', 13, 5, '2024-11-14 00:30:53', '2025-04-26 07:21:00');
insert into comments (id, description, post_id, user_id, date_added, last_updated) values (73, 'aliquet maecenas leo odio condimentum id luctus nec molestie sed justo pellentesque viverra pede ac', 11, 3, '2025-06-07 03:36:29', '2024-08-17 07:47:32');
insert into comments (id, description, post_id, user_id, date_added, last_updated) values (74, 'at nibh in hac habitasse platea dictumst aliquam augue quam sollicitudin', 11, 10, '2024-12-11 14:14:37', '2025-03-10 17:41:40');
insert into comments (id, description, post_id, user_id, date_added, last_updated) values (75, 'ipsum integer a nibh in quis justo maecenas rhoncus aliquam', 14, 9, '2025-04-09 03:48:08', '2025-07-01 21:34:14');
insert into comments (id, description, post_id, user_id, date_added, last_updated) values (76, 'tristique in tempus sit amet sem fusce consequat nulla nisl nunc nisl duis bibendum felis sed interdum', 2, 5, '2025-06-07 16:31:26', '2025-04-05 07:22:48');
insert into comments (id, description, post_id, user_id, date_added, last_updated) values (77, 'accumsan odio curabitur convallis duis consequat dui nec nisi volutpat eleifend donec ut', 13, 4, '2025-02-10 03:19:11', '2025-03-19 22:29:15');
insert into comments (id, description, post_id, user_id, date_added, last_updated) values (78, 'blandit lacinia erat vestibulum sed magna at nunc commodo placerat praesent blandit nam nulla integer pede justo lacinia eget tincidunt', 7, 5, '2025-03-23 05:36:09', '2024-10-23 11:43:37');
insert into comments (id, description, post_id, user_id, date_added, last_updated) values (79, 'tellus nisi eu orci mauris lacinia sapien quis libero nullam sit amet turpis elementum ligula vehicula consequat', 3, 10, '2025-05-19 11:22:40', '2024-10-01 20:36:14');
insert into comments (id, description, post_id, user_id, date_added, last_updated) values (80, 'a pede posuere nonummy integer non velit donec diam neque vestibulum', 6, 9, '2024-10-05 04:41:46', '2025-04-12 12:41:01');
insert into comments (id, description, post_id, user_id, date_added, last_updated) values (81, 'sapien varius ut blandit non interdum in ante vestibulum ante ipsum primis in faucibus orci luctus et ultrices', 10, 7, '2025-02-05 11:55:19', '2024-10-23 04:37:39');
insert into comments (id, description, post_id, user_id, date_added, last_updated) values (82, 'luctus rutrum nulla tellus in sagittis dui vel nisl duis ac nibh fusce lacus purus', 5, 5, '2024-08-09 00:10:09', '2025-01-13 08:04:07');
insert into comments (id, description, post_id, user_id, date_added, last_updated) values (83, 'orci mauris lacinia sapien quis libero nullam sit amet turpis elementum ligula vehicula consequat morbi a', 4, 10, '2025-02-25 00:38:45', '2024-09-26 19:22:21');
insert into comments (id, description, post_id, user_id, date_added, last_updated) values (84, 'nec molestie sed justo pellentesque viverra pede ac diam cras pellentesque volutpat dui maecenas tristique', 11, 6, '2025-01-30 23:24:41', '2025-01-11 01:13:49');
insert into comments (id, description, post_id, user_id, date_added, last_updated) values (85, 'morbi vestibulum velit id pretium iaculis diam erat fermentum justo nec condimentum', 10, 4, '2024-10-28 02:39:11', '2024-08-31 04:53:24');
insert into comments (id, description, post_id, user_id, date_added, last_updated) values (86, 'pretium nisl ut volutpat sapien arcu sed augue aliquam erat volutpat in congue etiam justo etiam pretium', 2, 9, '2024-08-13 15:12:56', '2025-03-14 11:02:46');
insert into comments (id, description, post_id, user_id, date_added, last_updated) values (87, 'nascetur ridiculus mus etiam vel augue vestibulum rutrum rutrum neque', 2, 2, '2025-04-24 09:53:50', '2025-04-30 16:22:24');
insert into comments (id, description, post_id, user_id, date_added, last_updated) values (88, 'pellentesque eget nunc donec quis orci eget orci vehicula condimentum curabitur in libero ut massa volutpat', 9, 5, '2025-04-12 19:27:32', '2025-02-15 19:53:11');
insert into comments (id, description, post_id, user_id, date_added, last_updated) values (89, 'vestibulum ante ipsum primis in faucibus orci luctus et ultrices posuere cubilia curae nulla', 10, 9, '2025-03-05 17:09:00', '2025-04-12 13:14:57');
insert into comments (id, description, post_id, user_id, date_added, last_updated) values (90, 'sodales sed tincidunt eu felis fusce posuere felis sed lacus morbi sem', 10, 1, '2025-03-26 09:33:43', '2024-11-09 07:21:31');
insert into comments (id, description, post_id, user_id, date_added, last_updated) values (91, 'ipsum dolor sit amet consectetuer adipiscing elit proin interdum mauris non ligula pellentesque', 9, 3, '2025-04-08 05:59:41', '2025-03-17 20:38:19');
insert into comments (id, description, post_id, user_id, date_added, last_updated) values (92, 'in faucibus orci luctus et ultrices posuere cubilia curae mauris viverra diam vitae quam suspendisse potenti nullam', 11, 10, '2025-06-11 05:18:01', '2024-10-05 18:55:28');
insert into comments (id, description, post_id, user_id, date_added, last_updated) values (93, 'luctus et ultrices posuere cubilia curae nulla dapibus dolor vel est donec odio justo sollicitudin ut', 6, 1, '2024-11-06 13:57:51', '2025-05-26 00:01:42');
insert into comments (id, description, post_id, user_id, date_added, last_updated) values (94, 'lectus aliquam sit amet diam in magna bibendum imperdiet nullam orci pede venenatis non sodales sed tincidunt', 6, 1, '2025-04-01 20:26:17', '2025-07-24 19:35:06');
insert into comments (id, description, post_id, user_id, date_added, last_updated) values (95, 'donec ut dolor morbi vel lectus in quam fringilla rhoncus mauris enim leo rhoncus sed vestibulum sit', 4, 5, '2024-11-17 20:37:10', '2024-11-09 08:17:23');
insert into comments (id, description, post_id, user_id, date_added, last_updated) values (96, 'nulla elit ac nulla sed vel enim sit amet nunc', 6, 1, '2025-05-04 11:26:41', '2024-08-04 06:05:25');
insert into comments (id, description, post_id, user_id, date_added, last_updated) values (97, 'curabitur gravida nisi at nibh in hac habitasse platea dictumst aliquam augue quam sollicitudin', 10, 10, '2025-04-05 06:43:51', '2025-01-12 20:31:00');
insert into comments (id, description, post_id, user_id, date_added, last_updated) values (98, 'duis consequat dui nec nisi volutpat eleifend donec ut dolor morbi vel lectus in', 6, 7, '2024-12-28 20:21:22', '2025-02-05 09:10:55');
insert into comments (id, description, post_id, user_id, date_added, last_updated) values (99, 'cubilia curae duis faucibus accumsan odio curabitur convallis duis consequat dui nec nisi volutpat', 7, 9, '2024-10-27 20:56:23', '2025-01-06 00:45:57');
insert into comments (id, description, post_id, user_id, date_added, last_updated) values (100, 'eget eros elementum pellentesque quisque porta volutpat erat quisque erat eros viverra eget congue eget', 9, 4, '2024-09-07 15:54:38', '2024-08-13 11:03:43');
